room_no,doctor_name,specialization,fees,class
A3,Dr stigi joseph,cardiology,500,1
A4,Dr sajan narayanan,cardiology,500,1
A5,Dr padma somen,physician,200,3
A6,Dr V G vargheese,physician,200,3
A1,Dr tom babu,endocrinologist,200,2
A2,Dr suja sukumar,endocrinologist,200,2
A7,Dr padma somen,dermatologist,200,4
A8,Dr mohanan,dermatologist,200,4
A9,Dr K Prakash,Gastroenterologists,150,5
A10,Dr. Jilse George,"Geriatric medicine doctors
",200,6
A11,Dr.Vivek Saraf,Geriatric medicine doctors ,200,6
A12,Dr GN Ramesh,Gastroenterologists,150,5
A13,Dr. Georgy K Nainan,Nephrologists,250,7
A14,Dr Sooraj YS,Nephrologists,250,7
A15,Dr.sajith John,Neurologists,200,8
A16,Dr Sreeram Prasad,Neurologists,200,8
A17,Dr. Somanath C.P,Psychiatrists,200,9
A18,Dr. Joseph Varghese,Psychiatrists,200,9
A19,Dr Gangadharan,Oncologists,250,10
A20,Dr Chitrathara,Oncologists,250,10
